Brand Name,Product Name,Rating,Rating Number,Price,Return/Exchange,Expected Delivery,Availability,Product URLs,Other Details
Wireless Bluetooth,"Infinity (JBL) Sonic B200WL, 160W Soundbar with Wireless Subwoofer, 2.1 Channel Home Theatre with Remote, Bluetooth, Optical Input, USB & AUX Connectivity (Black)",3.9 out of 5,"1,960 ratings",-,https://www.amazon.in/Infinity-B200WL-Channel-Bluetooth-Wireless/dp/B086Z933SS/ref=sr_1_1_sspa?dchild=1&keywords=Sound+bars&qid=1634381628&sr=8-1-spons&psc=1&spLa=ZW5jcnlwdGVkUXVhbGlmaWVyPUEzUFpUODc1T0VDMzRKJmVuY3J5cHRlZElkPUEwMjc2MDA0MVgzV1NBM1FQVFYwUCZlbmNyeXB0ZWRBZElkPUEwNTk5MDI0M1FWWUw3MkUxTEhSMyZ3aWRnZXROYW1lPXNwX2F0ZiZhY3Rpb249Y2xpY2tSZWRpcmVjdCZkb05vdExvZ0NsaWNrPXRydWU=#,"Tuesday, Oct 19",In stock.,https://www.amazon.in/Infinity-B200WL-Channel-Bluetooth-Wireless/dp/B086Z933SS/ref=sr_1_1_sspa?dchild=1&keywords=Sound+bars&qid=1634381628&sr=8-1-spons&psc=1&spLa=ZW5jcnlwdGVkUXVhbGlmaWVyPUEzUFpUODc1T0VDMzRKJmVuY3J5cHRlZElkPUEwMjc2MDA0MVgzV1NBM1FQVFYwUCZlbmNyeXB0ZWRBZElkPUEwNTk5MDI0M1FWWUw3MkUxTEhSMyZ3aWRnZXROYW1lPXNwX2F0ZiZhY3Rpb249Y2xpY2tSZWRpcmVjdCZkb05vdExvZ0NsaWNrPXRydWU=#,160W Peak Power Output Powerful Soundbar with Sub Woofer
Wireless Bluetooth,Yamaha SR-C20A Compact Sound Bar with Built-in Subwoofer and Bluetooth,4.5 out of 5,484 ratings,-,https://www.amazon.in/Yamaha-SR-C20A-Compact-Subwoofer-Bluetooth/dp/B08DZX69CY/ref=sr_1_2_sspa?dchild=1&keywords=Sound+bars&qid=1634381628&sr=8-2-spons&psc=1&spLa=ZW5jcnlwdGVkUXVhbGlmaWVyPUEzUFpUODc1T0VDMzRKJmVuY3J5cHRlZElkPUEwMjc2MDA0MVgzV1NBM1FQVFYwUCZlbmNyeXB0ZWRBZElkPUEwNzA3NDgyQVZPTlhMV0w5OFVGJndpZGdldE5hbWU9c3BfYXRmJmFjdGlvbj1jbGlja1JlZGlyZWN0JmRvTm90TG9nQ2xpY2s9dHJ1ZQ==#,"Tuesday, Oct 19",In stock.,https://www.amazon.in/Yamaha-SR-C20A-Compact-Subwoofer-Bluetooth/dp/B08DZX69CY/ref=sr_1_2_sspa?dchild=1&keywords=Sound+bars&qid=1634381628&sr=8-2-spons&psc=1&spLa=ZW5jcnlwdGVkUXVhbGlmaWVyPUEzUFpUODc1T0VDMzRKJmVuY3J5cHRlZElkPUEwMjc2MDA0MVgzV1NBM1FQVFYwUCZlbmNyeXB0ZWRBZElkPUEwNzA3NDgyQVZPTlhMV0w5OFVGJndpZGdldE5hbWU9c3BfYXRmJmFjdGlvbj1jbGlja1JlZGlyZWN0JmRvTm90TG9nQ2xpY2s9dHJ1ZQ==#,Built-in subwoofer and passive radiators for surprising bass
"Wireless, Bluetooth, Auxiliary, USB",boAt Aavante Bar 1160 60 Watt 2.0 Channel Wireless Bluetooth Soundbar (Premium Black),4.1 out of 5,"9,551 ratings",-,https://www.amazon.in/Boat-1160-Bluetooth-Compatibility-Entertainment/dp/B086FCHZGZ/ref=sr_1_3?dchild=1&keywords=Sound+bars&qid=1634381628&sr=8-3#,"Tuesday, Oct 19",In stock.,https://www.amazon.in/Boat-1160-Bluetooth-Compatibility-Entertainment/dp/B086FCHZGZ/ref=sr_1_3?dchild=1&keywords=Sound+bars&qid=1634381628&sr=8-3#,Control your playback via easy operational controls and the remote control device
Wired,"boAt Aavante Bar 1500 2.1 Channel Home Theatre Soundbar with 120W boAt Signature Sound, Wired Subwoofer, Multiple Connectivity Modes, Entertainment EQ Modes and Sleek Finish (Black)",4.3 out of 5,"6,504 ratings",-,https://www.amazon.in/Bar-Wireless-Bluetooth-Soundbar-Subwoofer/dp/B07FPLKKCS/ref=sr_1_4?dchild=1&keywords=Sound+bars&qid=1634381628&sr=8-4#,"Tuesday, Oct 19",In stock.,https://www.amazon.in/Bar-Wireless-Bluetooth-Soundbar-Subwoofer/dp/B07FPLKKCS/ref=sr_1_4?dchild=1&keywords=Sound+bars&qid=1634381628&sr=8-4#,"Sound with 120 Watt rms and subwoofer The boAt AAVANTE bar comes with 120 watt RMS sound with a bassful subwoofer. The sound output feels real, thrilling bass provided by the 60Watt Subwoofer. Upgrade your music listening experience with the boAt Aavante Bar with down-firing subwoofer which provides bold sound to any seat in the room, giving you an audio experience you can truly hear and feel."
"Wireless, Bluetooth, Auxiliary, USB, HDMI","boAt AAVANTE Bar 1190 90W 2.2 Channel Bluetooth Soundbar, Built-in Active Subwoofers, Multiple Connectivity Modes, Entertainment Modes, Bluetooth V5.0(Premium Black)",4.2 out of 5,"3,661 ratings",-,https://www.amazon.in/Bluetooth-Soundbar-Subwoofers-Connectivity-Entertainment/dp/B08CNBD3PY/ref=sr_1_5?dchild=1&keywords=Sound+bars&qid=1634381628&sr=8-5#,"Tuesday, Oct 19",In stock.,https://www.amazon.in/Bluetooth-Soundbar-Subwoofers-Connectivity-Entertainment/dp/B08CNBD3PY/ref=sr_1_5?dchild=1&keywords=Sound+bars&qid=1634381628&sr=8-5#,"Its 2.2 Channel captivating sound gets you set for an alternate dimension, with an ethereal sound quality that adds colour to your audio as well as visual experience"
Wired,"boAt Aavante Bar 1500 2.1 Channel Home Theatre Soundbar with 120W boAt Signature Sound, Wired Subwoofer, Multiple Connectivity Modes, Entertainment EQ Modes and Sleek Finish (Black)",4.3 out of 5,"6,504 ratings",-,https://www.amazon.in/Bar-Wireless-Bluetooth-Soundbar-Subwoofer/dp/B07FPLKKCS/ref=sxin_12?asc_contentid=amzn1.osa.36240d18-eb43-40f4-b68a-87f6d2e51a77.A21TJRUUN4KGV.en_IN&asc_contenttype=article&ascsubtag=amzn1.osa.36240d18-eb43-40f4-b68a-87f6d2e51a77.A21TJRUUN4KGV.en_IN&creativeASIN=B07FPLKKCS&cv_ct_cx=Sound+bars&cv_ct_id=amzn1.osa.36240d18-eb43-40f4-b68a-87f6d2e51a77.A21TJRUUN4KGV.en_IN&cv_ct_pg=search&cv_ct_we=asin&cv_ct_wn=osp-single-source-pecos-desktop&dchild=1&keywords=Sound+bars&linkCode=oas&pd_rd_i=B07FPLKKCS&pd_rd_r=175618cb-9f0c-4c45-a25f-aebf0e0693b1&pd_rd_w=8Z7DQ&pd_rd_wg=y93yz&pf_rd_p=ad2dec93-45d4-46d7-9aa5-3db988563bfc&pf_rd_r=X381CTE70K4A21Y60RFR&qid=1634381628&sr=1-1-c84eb971-91f2-4a4d-acce-811265c24254&tag=timessyndicat-21#,"Tuesday, Oct 19",In stock.,https://www.amazon.in/Bar-Wireless-Bluetooth-Soundbar-Subwoofer/dp/B07FPLKKCS/ref=sxin_12?asc_contentid=amzn1.osa.36240d18-eb43-40f4-b68a-87f6d2e51a77.A21TJRUUN4KGV.en_IN&asc_contenttype=article&ascsubtag=amzn1.osa.36240d18-eb43-40f4-b68a-87f6d2e51a77.A21TJRUUN4KGV.en_IN&creativeASIN=B07FPLKKCS&cv_ct_cx=Sound+bars&cv_ct_id=amzn1.osa.36240d18-eb43-40f4-b68a-87f6d2e51a77.A21TJRUUN4KGV.en_IN&cv_ct_pg=search&cv_ct_we=asin&cv_ct_wn=osp-single-source-pecos-desktop&dchild=1&keywords=Sound+bars&linkCode=oas&pd_rd_i=B07FPLKKCS&pd_rd_r=175618cb-9f0c-4c45-a25f-aebf0e0693b1&pd_rd_w=8Z7DQ&pd_rd_wg=y93yz&pf_rd_p=ad2dec93-45d4-46d7-9aa5-3db988563bfc&pf_rd_r=X381CTE70K4A21Y60RFR&qid=1634381628&sr=1-1-c84eb971-91f2-4a4d-acce-811265c24254&tag=timessyndicat-21#,"Sound with 120 Watt rms and subwoofer The boAt AAVANTE bar comes with 120 watt RMS sound with a bassful subwoofer. The sound output feels real, thrilling bass provided by the 60Watt Subwoofer. Upgrade your music listening experience with the boAt Aavante Bar with down-firing subwoofer which provides bold sound to any seat in the room, giving you an audio experience you can truly hear and feel."
Wireless Bluetooth,Sony HT-RT3 600 Watt Real 5.1 Channel Wireless Bluetooth Soundbar with Dolby (Black),4.5 out of 5,"3,278 ratings",-,https://www.amazon.in/Sony-HT-RT3-Digital-Soundbar-Theatre/dp/B01HXOUJOM/ref=sxin_12?asc_contentid=amzn1.osa.36240d18-eb43-40f4-b68a-87f6d2e51a77.A21TJRUUN4KGV.en_IN&asc_contenttype=article&ascsubtag=amzn1.osa.36240d18-eb43-40f4-b68a-87f6d2e51a77.A21TJRUUN4KGV.en_IN&creativeASIN=B01HXOUJOM&cv_ct_cx=Sound+bars&cv_ct_id=amzn1.osa.36240d18-eb43-40f4-b68a-87f6d2e51a77.A21TJRUUN4KGV.en_IN&cv_ct_pg=search&cv_ct_we=asin&cv_ct_wn=osp-single-source-pecos-desktop&dchild=1&keywords=Sound+bars&linkCode=oas&pd_rd_i=B01HXOUJOM&pd_rd_r=175618cb-9f0c-4c45-a25f-aebf0e0693b1&pd_rd_w=8Z7DQ&pd_rd_wg=y93yz&pf_rd_p=ad2dec93-45d4-46d7-9aa5-3db988563bfc&pf_rd_r=X381CTE70K4A21Y60RFR&qid=1634381628&sr=1-2-c84eb971-91f2-4a4d-acce-811265c24254&tag=timessyndicat-21#,"Wednesday, Oct 20",In stock.,https://www.amazon.in/Sony-HT-RT3-Digital-Soundbar-Theatre/dp/B01HXOUJOM/ref=sxin_12?asc_contentid=amzn1.osa.36240d18-eb43-40f4-b68a-87f6d2e51a77.A21TJRUUN4KGV.en_IN&asc_contenttype=article&ascsubtag=amzn1.osa.36240d18-eb43-40f4-b68a-87f6d2e51a77.A21TJRUUN4KGV.en_IN&creativeASIN=B01HXOUJOM&cv_ct_cx=Sound+bars&cv_ct_id=amzn1.osa.36240d18-eb43-40f4-b68a-87f6d2e51a77.A21TJRUUN4KGV.en_IN&cv_ct_pg=search&cv_ct_we=asin&cv_ct_wn=osp-single-source-pecos-desktop&dchild=1&keywords=Sound+bars&linkCode=oas&pd_rd_i=B01HXOUJOM&pd_rd_r=175618cb-9f0c-4c45-a25f-aebf0e0693b1&pd_rd_w=8Z7DQ&pd_rd_wg=y93yz&pf_rd_p=ad2dec93-45d4-46d7-9aa5-3db988563bfc&pf_rd_r=X381CTE70K4A21Y60RFR&qid=1634381628&sr=1-2-c84eb971-91f2-4a4d-acce-811265c24254&tag=timessyndicat-21#,"Dolby Audio : Enjoy dramatic, high-quality surround sound from 5.1 separate audio channels with Dolby Auduio"
HDMI-ARC,"Blaupunkt Germany's SBW100 120W Wired Soundbar with Subwoofer, Bluetooth and HDMI Arc",4 out of 5,"4,725 ratings",-,https://www.amazon.in/Blaupunkt-SBW-100-120Watts-Subwoofer-Bluetooth/dp/B07NSJWZ36/ref=sxin_12?asc_contentid=amzn1.osa.36240d18-eb43-40f4-b68a-87f6d2e51a77.A21TJRUUN4KGV.en_IN&asc_contenttype=article&ascsubtag=amzn1.osa.36240d18-eb43-40f4-b68a-87f6d2e51a77.A21TJRUUN4KGV.en_IN&creativeASIN=B07NSJWZ36&cv_ct_cx=Sound+bars&cv_ct_id=amzn1.osa.36240d18-eb43-40f4-b68a-87f6d2e51a77.A21TJRUUN4KGV.en_IN&cv_ct_pg=search&cv_ct_we=asin&cv_ct_wn=osp-single-source-pecos-desktop&dchild=1&keywords=Sound+bars&linkCode=oas&pd_rd_i=B07NSJWZ36&pd_rd_r=175618cb-9f0c-4c45-a25f-aebf0e0693b1&pd_rd_w=8Z7DQ&pd_rd_wg=y93yz&pf_rd_p=ad2dec93-45d4-46d7-9aa5-3db988563bfc&pf_rd_r=X381CTE70K4A21Y60RFR&qid=1634381628&sr=1-3-c84eb971-91f2-4a4d-acce-811265c24254&tag=timessyndicat-21#,"Tuesday, Oct 19",In stock.,https://www.amazon.in/Blaupunkt-SBW-100-120Watts-Subwoofer-Bluetooth/dp/B07NSJWZ36/ref=sxin_12?asc_contentid=amzn1.osa.36240d18-eb43-40f4-b68a-87f6d2e51a77.A21TJRUUN4KGV.en_IN&asc_contenttype=article&ascsubtag=amzn1.osa.36240d18-eb43-40f4-b68a-87f6d2e51a77.A21TJRUUN4KGV.en_IN&creativeASIN=B07NSJWZ36&cv_ct_cx=Sound+bars&cv_ct_id=amzn1.osa.36240d18-eb43-40f4-b68a-87f6d2e51a77.A21TJRUUN4KGV.en_IN&cv_ct_pg=search&cv_ct_we=asin&cv_ct_wn=osp-single-source-pecos-desktop&dchild=1&keywords=Sound+bars&linkCode=oas&pd_rd_i=B07NSJWZ36&pd_rd_r=175618cb-9f0c-4c45-a25f-aebf0e0693b1&pd_rd_w=8Z7DQ&pd_rd_wg=y93yz&pf_rd_p=ad2dec93-45d4-46d7-9aa5-3db988563bfc&pf_rd_r=X381CTE70K4A21Y60RFR&qid=1634381628&sr=1-3-c84eb971-91f2-4a4d-acce-811265c24254&tag=timessyndicat-21#,Blaupunkt is an iconic German brand that has developed cutting edge audio technology since 1924. Today this legendary Audio Tech German brand is available in India with a superior quality range of Audio Products
Wireless Bluetooth,"Sony HT-S350 2.1Ch Dolby Digital Soundbar for TV with Wireless Subwoofer, 2.1Ch Home Theatre System(320w, Bluetooth & HDMI Connectivity,Wireless Connectivity with TV, S-Force Surround Sound)",4.5 out of 5,454 ratings,-,https://www.amazon.in/Sony-HT-S350-Wireless-2-1-Soundbar/dp/B07RBQY62N/ref=sxin_12?asc_contentid=amzn1.osa.36240d18-eb43-40f4-b68a-87f6d2e51a77.A21TJRUUN4KGV.en_IN&asc_contenttype=article&ascsubtag=amzn1.osa.36240d18-eb43-40f4-b68a-87f6d2e51a77.A21TJRUUN4KGV.en_IN&creativeASIN=B07RBQY62N&cv_ct_cx=Sound+bars&cv_ct_id=amzn1.osa.36240d18-eb43-40f4-b68a-87f6d2e51a77.A21TJRUUN4KGV.en_IN&cv_ct_pg=search&cv_ct_we=asin&cv_ct_wn=osp-single-source-pecos-desktop&dchild=1&keywords=Sound+bars&linkCode=oas&pd_rd_i=B07RBQY62N&pd_rd_r=175618cb-9f0c-4c45-a25f-aebf0e0693b1&pd_rd_w=8Z7DQ&pd_rd_wg=y93yz&pf_rd_p=ad2dec93-45d4-46d7-9aa5-3db988563bfc&pf_rd_r=X381CTE70K4A21Y60RFR&qid=1634381628&sr=1-4-c84eb971-91f2-4a4d-acce-811265c24254&tag=timessyndicat-21#,-,"Currently unavailable.

We don't know when or if this item will be back in stock.",https://www.amazon.in/Sony-HT-S350-Wireless-2-1-Soundbar/dp/B07RBQY62N/ref=sxin_12?asc_contentid=amzn1.osa.36240d18-eb43-40f4-b68a-87f6d2e51a77.A21TJRUUN4KGV.en_IN&asc_contenttype=article&ascsubtag=amzn1.osa.36240d18-eb43-40f4-b68a-87f6d2e51a77.A21TJRUUN4KGV.en_IN&creativeASIN=B07RBQY62N&cv_ct_cx=Sound+bars&cv_ct_id=amzn1.osa.36240d18-eb43-40f4-b68a-87f6d2e51a77.A21TJRUUN4KGV.en_IN&cv_ct_pg=search&cv_ct_we=asin&cv_ct_wn=osp-single-source-pecos-desktop&dchild=1&keywords=Sound+bars&linkCode=oas&pd_rd_i=B07RBQY62N&pd_rd_r=175618cb-9f0c-4c45-a25f-aebf0e0693b1&pd_rd_w=8Z7DQ&pd_rd_wg=y93yz&pf_rd_p=ad2dec93-45d4-46d7-9aa5-3db988563bfc&pf_rd_r=X381CTE70K4A21Y60RFR&qid=1634381628&sr=1-4-c84eb971-91f2-4a4d-acce-811265c24254&tag=timessyndicat-21#,"Dolby Audio:Enjoy dramatic, high-quality surround sound from 2.1 channels with Dolby Digital"
"Bluetooth, Auxiliary, USB",boAt Aavante Bar 1250 80 Watt 2.1 Channel Wireless Bluetooth Soundbar (Premium Black),4.3 out of 5,"2,523 ratings",-,https://www.amazon.in/Bluetooth-Signature-Subwoofer-Connectivity-Entertainment/dp/B08FX7HZTC/ref=sr_1_6?dchild=1&keywords=Sound+bars&qid=1634381628&sr=8-6#,"Tuesday, Oct 19",In stock.,https://www.amazon.in/Bluetooth-Signature-Subwoofer-Connectivity-Entertainment/dp/B08FX7HZTC/ref=sr_1_6?dchild=1&keywords=Sound+bars&qid=1634381628&sr=8-6#,"Its 2.1 Channel captivating sound gets you set for an alternate dimension, with an ethereal sound quality that adds colour to your audio as well as visual experience."
Wireless Bluetooth,"boAt AAVANTE Bar 1800 120W 2.1 Channel Bluetooth Soundbar with boAt Signature Sound, Wireless Subwoofer, Multiple Connectivity Modes, Entertainment Modes and Bluetooth V5.0(Premium Black)",4.2 out of 5,"1,754 ratings",-,https://www.amazon.in/Bluetooth-Signature-Subwoofer-Connectivity-Entertainment/dp/B08CNC9F9L/ref=sr_1_7?dchild=1&keywords=Sound+bars&qid=1634381628&sr=8-7#,"Tuesday, Oct 19",In stock.,https://www.amazon.in/Bluetooth-Signature-Subwoofer-Connectivity-Entertainment/dp/B08CNC9F9L/ref=sr_1_7?dchild=1&keywords=Sound+bars&qid=1634381628&sr=8-7#,"All your devices are made accessible by the wireless and wired forms of connectivity, such as Bluetooth V5.0/AUX/USB/Optical/Coaxial and HDMI(ARC) with the versatile Aavante Bar 1800"
"Wireless, Bluetooth, Auxiliary, USB, HDMI","boAt AAVANTE Bar 1700D 120W 2.1 Channel Bluetooth Soundbar with Dolby Audio, boAt Signature Sound, Wired Subwoofer, Multiple Connectivity Modes, Entertainment Modes and Bluetooth V5.0(Premium Black)",4.2 out of 5,"1,539 ratings",-,https://www.amazon.in/Bar-1700D-Bluetooth-Connectivity-Entertainment/dp/B08C6G66SR/ref=sr_1_8?dchild=1&keywords=Sound+bars&qid=1634381628&sr=8-8#,"Tuesday, Oct 19",In stock.,https://www.amazon.in/Bar-1700D-Bluetooth-Connectivity-Entertainment/dp/B08C6G66SR/ref=sr_1_8?dchild=1&keywords=Sound+bars&qid=1634381628&sr=8-8#,"Its 2.1 Channel captivating sound with Dolby Digital / Digital Plus technology gets you set for an alternate dimension, with an ethereal sound quality that adds colour to your audio as well as visual experience."
Wireless Bluetooth,"Infinity (JBL) Sonic B200WL, 160W Soundbar with Wireless Subwoofer, 2.1 Channel Home Theatre with Remote, Bluetooth, Optical Input, USB & AUX Connectivity (Black)",3.9 out of 5,"1,960 ratings",-,https://www.amazon.in/Infinity-B200WL-Channel-Bluetooth-Wireless/dp/B086Z933SS/ref=sr_1_9?dchild=1&keywords=Sound+bars&qid=1634381628&sr=8-9#,"Tuesday, Oct 19",In stock.,https://www.amazon.in/Infinity-B200WL-Channel-Bluetooth-Wireless/dp/B086Z933SS/ref=sr_1_9?dchild=1&keywords=Sound+bars&qid=1634381628&sr=8-9#,160W Peak Power Output Powerful Soundbar with Sub Woofer
"Wireless, Bluetooth, HDMI","JBL Cinema SB110, Dolby Digital Soundbar with Built-in Subwoofer for Deep Bass, Home Theatre with Remote, HDMI ARC & Bluetooth Connectivity (110W)",3.8 out of 5,"2,541 ratings",-,https://www.amazon.in/JBL-Powerful-Wireless-Subwoofer-110/dp/B07S63CNFF/ref=sr_1_10?dchild=1&keywords=Sound+bars&qid=1634381628&sr=8-10#,"Wednesday, Oct 20",In stock.,https://www.amazon.in/JBL-Powerful-Wireless-Subwoofer-110/dp/B07S63CNFF/ref=sr_1_10?dchild=1&keywords=Sound+bars&qid=1634381628&sr=8-10#,110 Watt power output. Frequency response 40Hz - 20kHz. Max SPL 82dB
Wireless,"JBL Bar 2.1 Deep Bass, Dolby Digital Soundbar with Wireless Subwoofer for Extra Deep Bass, 2.1 Channel Home Theatre with Remote, JBL Surround Sound, HDMI ARC, Bluetooth & Optical Connectivity (300W)",4.3 out of 5,"1,006 ratings",-,https://www.amazon.in/JBL-Bar-2-1-Deep-Bass/dp/B0827SG8J8/ref=sr_1_11_sspa?dchild=1&keywords=Sound+bars&qid=1634381628&sr=8-11-spons&psc=1&spLa=ZW5jcnlwdGVkUXVhbGlmaWVyPUEzUFpUODc1T0VDMzRKJmVuY3J5cHRlZElkPUEwMjc2MDA0MVgzV1NBM1FQVFYwUCZlbmNyeXB0ZWRBZElkPUEwNjIxNjIzM0tINDRaNjJZNVNPSyZ3aWRnZXROYW1lPXNwX210ZiZhY3Rpb249Y2xpY2tSZWRpcmVjdCZkb05vdExvZ0NsaWNrPXRydWU=#,"Wednesday, Oct 20",In stock.,https://www.amazon.in/JBL-Bar-2-1-Deep-Bass/dp/B0827SG8J8/ref=sr_1_11_sspa?dchild=1&keywords=Sound+bars&qid=1634381628&sr=8-11-spons&psc=1&spLa=ZW5jcnlwdGVkUXVhbGlmaWVyPUEzUFpUODc1T0VDMzRKJmVuY3J5cHRlZElkPUEwMjc2MDA0MVgzV1NBM1FQVFYwUCZlbmNyeXB0ZWRBZElkPUEwNjIxNjIzM0tINDRaNjJZNVNPSyZ3aWRnZXROYW1lPXNwX210ZiZhY3Rpb249Y2xpY2tSZWRpcmVjdCZkb05vdExvZ0NsaWNrPXRydWU=#,300 Watt Max Output Power
Bluetooth,"Yamaha YAS-109 Sound Bar with Built-in Subwoofers, Bluetooth, and Alexa Voice Control Built-in",3.9 out of 5,78 ratings,-,https://www.amazon.in/Yamaha-YAS-109-Subwoofers-Bluetooth-Control/dp/B07T9FVLXC/ref=sr_1_12_sspa?dchild=1&keywords=Sound+bars&qid=1634381628&sr=8-12-spons&psc=1&spLa=ZW5jcnlwdGVkUXVhbGlmaWVyPUEzUFpUODc1T0VDMzRKJmVuY3J5cHRlZElkPUEwMjc2MDA0MVgzV1NBM1FQVFYwUCZlbmNyeXB0ZWRBZElkPUEwMDA0OTU3MVU5Q1lBSDJDQzMwWSZ3aWRnZXROYW1lPXNwX210ZiZhY3Rpb249Y2xpY2tSZWRpcmVjdCZkb05vdExvZ0NsaWNrPXRydWU=#,"Tuesday, Oct 19",In stock.,https://www.amazon.in/Yamaha-YAS-109-Subwoofers-Bluetooth-Control/dp/B07T9FVLXC/ref=sr_1_12_sspa?dchild=1&keywords=Sound+bars&qid=1634381628&sr=8-12-spons&psc=1&spLa=ZW5jcnlwdGVkUXVhbGlmaWVyPUEzUFpUODc1T0VDMzRKJmVuY3J5cHRlZElkPUEwMjc2MDA0MVgzV1NBM1FQVFYwUCZlbmNyeXB0ZWRBZElkPUEwMDA0OTU3MVU5Q1lBSDJDQzMwWSZ3aWRnZXROYW1lPXNwX210ZiZhY3Rpb249Y2xpY2tSZWRpcmVjdCZkb05vdExvZ0NsaWNrPXRydWU=#,"Built-in Alexa voice control for easy control of your sound bar, smart home devices, music and more"
HDMI-ARC,"Blaupunkt Germany's SBW100 120W Wired Soundbar with Subwoofer, Bluetooth and HDMI Arc",4 out of 5,"4,725 ratings",-,https://www.amazon.in/Blaupunkt-SBW-100-120Watts-Subwoofer-Bluetooth/dp/B07NSJWZ36/ref=sr_1_13?dchild=1&keywords=Sound+bars&qid=1634381628&sr=8-13#,"Tuesday, Oct 19",In stock.,https://www.amazon.in/Blaupunkt-SBW-100-120Watts-Subwoofer-Bluetooth/dp/B07NSJWZ36/ref=sr_1_13?dchild=1&keywords=Sound+bars&qid=1634381628&sr=8-13#,Blaupunkt is an iconic German brand that has developed cutting edge audio technology since 1924. Today this legendary Audio Tech German brand is available in India with a superior quality range of Audio Products
"Bluetooth, Auxiliary, USB","Zebronics Zeb-Juke Bar 5 Multimedia Sound Bar with Bluetooth Connectivity,USB Input and Built-in FM",3.8 out of 5,542 ratings,-,https://www.amazon.in/Zebronics-Zeb-Juke-Bar-Multimedia-Connectivity/dp/B081B8TRH6/ref=sr_1_14?dchild=1&keywords=Sound+bars&qid=1634381628&sr=8-14#,"Tuesday, Oct 19",In stock.,https://www.amazon.in/Zebronics-Zeb-Juke-Bar-Multimedia-Connectivity/dp/B081B8TRH6/ref=sr_1_14?dchild=1&keywords=Sound+bars&qid=1634381628&sr=8-14#,Juke Bar 5 is a soundbar that comes with a 5-inch subwoofer to add the room-shaking bass to your listening experience
Bluetooth,"Modernista Maestro Bar 20W Bluetooth Soundbar Speaker with 2400mah Battery/BT v5.0/Aux/USB Port, Small (Maestro Bar20)",3.9 out of 5,"1,052 ratings",-,https://www.amazon.in/Modernista-Maestro-Bluetooth-Soundbar-Bar20/dp/B08R1T9FY8/ref=sr_1_15?dchild=1&keywords=Sound+bars&qid=1634381628&sr=8-15#,"Friday, Oct 22",In stock.,https://www.amazon.in/Modernista-Maestro-Bluetooth-Soundbar-Bar20/dp/B08R1T9FY8/ref=sr_1_15?dchild=1&keywords=Sound+bars&qid=1634381628&sr=8-15#,"Immersive Audio- Modernista Maestro Bar 20 delivers excellent clarity and audio response and takes watching movies, shows, sports and gaming to the next level.With 2 x 10W RMS capable speaker drivers tuned for full sound across the frequency range. Headphone Jack : Yes"
"Wireless, Bluetooth, Auxiliary, USB","Portronics Pure Sound Pro III POR-891, Bluetooth 4.2 an All-in-One Versatile Wireless SOUNDBAR with FM Tuner, 3.5mm AUX, Powerful 10W Sound and USB Port.",4.1 out of 5,"2,679 ratings","‚Çπ2,900.00",https://www.amazon.in/Portronics-POR-891_Pure-Bluetooth-Versatile-Wireless/dp/B07BQTRF7S/ref=sr_1_16?dchild=1&keywords=Sound+bars&qid=1634381628&sr=8-16#,"Friday, Oct 22",Only 1 left in stock.,https://www.amazon.in/Portronics-POR-891_Pure-Bluetooth-Versatile-Wireless/dp/B07BQTRF7S/ref=sr_1_16?dchild=1&keywords=Sound+bars&qid=1634381628&sr=8-16#,Power Output (RMS): 10 W and Bluetooth Version: 4.2
Wireless,"Zebronics Zeb-JUKEBAR 3900, 80W Multimedia soundbar with subwoofer Supporting Bluetooth, HDMI(ARC), Coaxial Input, AUX, USB & Remote Control (Black)",4.1 out of 5,"2,309 ratings",-,https://www.amazon.in/Zebronics-Zeb-JUKEBAR-3900-Multimedia-Supporting/dp/B08CRRQK6Z/ref=sr_1_17?dchild=1&keywords=Sound+bars&qid=1634381628&sr=8-17#,"Tuesday, Oct 19",In stock.,https://www.amazon.in/Zebronics-Zeb-JUKEBAR-3900-Multimedia-Supporting/dp/B08CRRQK6Z/ref=sr_1_17?dchild=1&keywords=Sound+bars&qid=1634381628&sr=8-17#,Zeb-Juke Bar 3900 is a soundbar that has powerful dual 5.7cm drivers and 13.3cm subwoofer to deliver a hi-fidelity cinematic experience right at your home.
Wired,FD E200 Soundbar Speaker System (Black),4 out of 5,"10,009 ratings","‚Çπ1,199.00",https://www.amazon.in/E200-Soundbar-Speaker-System-Black/dp/B008ZXS7PY/ref=sr_1_18?dchild=1&keywords=Sound+bars&qid=1634381628&sr=8-18#,"Monday, Oct 18",In stock.,https://www.amazon.in/E200-Soundbar-Speaker-System-Black/dp/B008ZXS7PY/ref=sr_1_18?dchild=1&keywords=Sound+bars&qid=1634381628&sr=8-18#,The F&D E200 Soundbar has a 2.0 channel output which offers you one of the best sound qualities in its range. You can connect this speaker to a wide range of devices and enjoy hours of high definition music
Wireless Bluetooth,Blaupunkt Germany's SBW-03 160 Watt 2.1 Channel Wireless Bluetooth Soundbar with Dolby (Black),3.8 out of 5,"1,643 ratings","‚Çπ8,999.00",https://www.amazon.in/Germanys-Blaupunkt-SBW-03-Subwoofer-Bluetooth/dp/B0873PS1LB/ref=sr_1_19?dchild=1&keywords=Sound+bars&qid=1634381628&sr=8-19#,"Tuesday, Oct 19",In stock.,https://www.amazon.in/Germanys-Blaupunkt-SBW-03-Subwoofer-Bluetooth/dp/B0873PS1LB/ref=sr_1_19?dchild=1&keywords=Sound+bars&qid=1634381628&sr=8-19#,Blaupunkt is an iconic German brand that has developed cutting edge audio technology since 1924. Today this legendary Audio Tech German brand is available in India with a superior quality range of Audio Products
"Bluetooth, Auxiliary, USB",Zoook Harmony Bar Bluetooth Soundbar 20W/USB/TF/AUX-in/Hands-Free/Bluetooth 5.0/10 Hrs. Backup/Portable/Bluetooth Speaker/Small/ 4000 Mah Massive Battery/2.0 Channel/Wireless/Made in India (Black),4.1 out of 5,249 ratings,-,https://www.amazon.in/Zoook-Bluetooth-Soundbar-Hands-Free-Portable/dp/B09CZ5DYDW/ref=sr_1_20?dchild=1&keywords=Sound+bars&qid=1634381628&sr=8-20#,"Tuesday, Oct 19",In stock.,https://www.amazon.in/Zoook-Bluetooth-Soundbar-Hands-Free-Portable/dp/B09CZ5DYDW/ref=sr_1_20?dchild=1&keywords=Sound+bars&qid=1634381628&sr=8-20#,"[20W Output & 2 Full-range drivers]This small sound bar is equipped with 20W output power. Paired with your Mobile phone the sound bar creates a louder, more immersive listening experience. Dual powerful full-range speakers provide hifi audio, making comfortable bedrooms and compact spaces full of extensive stereo effects."
Bluetooth,"Modernista Maestro Bar 20W Bluetooth Soundbar Speaker with 2400mah Battery/BT v5.0/Aux/USB Port, Small (Maestro Bar20)",3.9 out of 5,"1,052 ratings",-,https://www.amazon.in/Modernista-Maestro-Bluetooth-Soundbar-Bar20/dp/B08R1T9FY8/ref=sr_1_21_sspa?dchild=1&keywords=Sound+bars&qid=1634381628&sr=8-21-spons&psc=1&spLa=ZW5jcnlwdGVkUXVhbGlmaWVyPUEzUFpUODc1T0VDMzRKJmVuY3J5cHRlZElkPUEwMjc2MDA0MVgzV1NBM1FQVFYwUCZlbmNyeXB0ZWRBZElkPUEwMzgyMTE5M0JRRVg4NzM2Q1BVWiZ3aWRnZXROYW1lPXNwX2J0ZiZhY3Rpb249Y2xpY2tSZWRpcmVjdCZkb05vdExvZ0NsaWNrPXRydWU=#,"Friday, Oct 22",In stock.,https://www.amazon.in/Modernista-Maestro-Bluetooth-Soundbar-Bar20/dp/B08R1T9FY8/ref=sr_1_21_sspa?dchild=1&keywords=Sound+bars&qid=1634381628&sr=8-21-spons&psc=1&spLa=ZW5jcnlwdGVkUXVhbGlmaWVyPUEzUFpUODc1T0VDMzRKJmVuY3J5cHRlZElkPUEwMjc2MDA0MVgzV1NBM1FQVFYwUCZlbmNyeXB0ZWRBZElkPUEwMzgyMTE5M0JRRVg4NzM2Q1BVWiZ3aWRnZXROYW1lPXNwX2J0ZiZhY3Rpb249Y2xpY2tSZWRpcmVjdCZkb05vdExvZ0NsaWNrPXRydWU=#,"Immersive Audio- Modernista Maestro Bar 20 delivers excellent clarity and audio response and takes watching movies, shows, sports and gaming to the next level.With 2 x 10W RMS capable speaker drivers tuned for full sound across the frequency range. Headphone Jack : Yes"
"Wireless, Bluetooth","Yamaha YAS-209 Sound Bar with Wireless Subwoofer, Bluetooth, and Alexa Voice Control Built-in",4.3 out of 5,229 ratings,"‚Çπ34,990.00",https://www.amazon.in/Yamaha-YAS-209-Wireless-Subwoofer-Bluetooth/dp/B07T8BHRBX/ref=sr_1_22_sspa?dchild=1&keywords=Sound+bars&qid=1634381628&sr=8-22-spons&psc=1&spLa=ZW5jcnlwdGVkUXVhbGlmaWVyPUEzUFpUODc1T0VDMzRKJmVuY3J5cHRlZElkPUEwMjc2MDA0MVgzV1NBM1FQVFYwUCZlbmNyeXB0ZWRBZElkPUEwMDA0NzY5QjNaVDM2QUZFUE5RJndpZGdldE5hbWU9c3BfYnRmJmFjdGlvbj1jbGlja1JlZGlyZWN0JmRvTm90TG9nQ2xpY2s9dHJ1ZQ==#,"Tuesday, Oct 19",In stock.,https://www.amazon.in/Yamaha-YAS-209-Wireless-Subwoofer-Bluetooth/dp/B07T8BHRBX/ref=sr_1_22_sspa?dchild=1&keywords=Sound+bars&qid=1634381628&sr=8-22-spons&psc=1&spLa=ZW5jcnlwdGVkUXVhbGlmaWVyPUEzUFpUODc1T0VDMzRKJmVuY3J5cHRlZElkPUEwMjc2MDA0MVgzV1NBM1FQVFYwUCZlbmNyeXB0ZWRBZElkPUEwMDA0NzY5QjNaVDM2QUZFUE5RJndpZGdldE5hbWU9c3BfYnRmJmFjdGlvbj1jbGlja1JlZGlyZWN0JmRvTm90TG9nQ2xpY2s9dHJ1ZQ==#,"Built-in Alexa voice control for easy control of your sound bar, smart home devices, music and more"
"Wireless, Bluetooth, Auxiliary, USB","Portronics Pure Sound Pro III POR-891, Bluetooth 4.2 an All-in-One Versatile Wireless SOUNDBAR with FM Tuner, 3.5mm AUX, Powerful 10W Sound and USB Port.",4.1 out of 5,"2,679 ratings","‚Çπ2,900.00",https://www.amazon.in/Portronics-POR-891_Pure-Bluetooth-Versatile-Wireless/dp/B07BQTRF7S/ref=sr_1_17_sspa?dchild=1&keywords=Sound+bars&qid=1634381701&sr=8-17-spons&psc=1&spLa=ZW5jcnlwdGVkUXVhbGlmaWVyPUEySUJOVkJGSTNUNk5OJmVuY3J5cHRlZElkPUExMDA3Mjc2Mks2MkJNQ1I3S05TMSZlbmNyeXB0ZWRBZElkPUEwMDMyODA4VVVQS1QwSUpGRFY5JndpZGdldE5hbWU9c3BfYXRmX25leHQmYWN0aW9uPWNsaWNrUmVkaXJlY3QmZG9Ob3RMb2dDbGljaz10cnVl#,"Friday, Oct 22",Only 1 left in stock.,https://www.amazon.in/Portronics-POR-891_Pure-Bluetooth-Versatile-Wireless/dp/B07BQTRF7S/ref=sr_1_17_sspa?dchild=1&keywords=Sound+bars&qid=1634381701&sr=8-17-spons&psc=1&spLa=ZW5jcnlwdGVkUXVhbGlmaWVyPUEySUJOVkJGSTNUNk5OJmVuY3J5cHRlZElkPUExMDA3Mjc2Mks2MkJNQ1I3S05TMSZlbmNyeXB0ZWRBZElkPUEwMDMyODA4VVVQS1QwSUpGRFY5JndpZGdldE5hbWU9c3BfYXRmX25leHQmYWN0aW9uPWNsaWNrUmVkaXJlY3QmZG9Ob3RMb2dDbGljaz10cnVl#,Power Output (RMS): 10 W and Bluetooth Version: 4.2
"Bluetooth, USB","i GEAR Ensemble 20 watts Wooden Portable Soundbar with Wireless Bluetooth connectivity, Rechargeable, with USB/TF Card Support, FM Mode and Sub-woofer for Extra Bass",3.6 out of 5,133 ratings,"‚Çπ1,999.00",https://www.amazon.in/Ensemble-Bluetooth-connectivity-Rechargeable-Sub-woofer/dp/B07YLNH1PZ/ref=sr_1_18_sspa?dchild=1&keywords=Sound+bars&qid=1634381701&sr=8-18-spons&psc=1&smid=A2LPYS6TUD99YN&spLa=ZW5jcnlwdGVkUXVhbGlmaWVyPUEySUJOVkJGSTNUNk5OJmVuY3J5cHRlZElkPUExMDA3Mjc2Mks2MkJNQ1I3S05TMSZlbmNyeXB0ZWRBZElkPUEwMzc0OTg0QjgwRUxQMlVSMjlYJndpZGdldE5hbWU9c3BfYXRmX25leHQmYWN0aW9uPWNsaWNrUmVkaXJlY3QmZG9Ob3RMb2dDbGljaz10cnVl#,"Tuesday, Oct 19",In stock.,https://www.amazon.in/Ensemble-Bluetooth-connectivity-Rechargeable-Sub-woofer/dp/B07YLNH1PZ/ref=sr_1_18_sspa?dchild=1&keywords=Sound+bars&qid=1634381701&sr=8-18-spons&psc=1&smid=A2LPYS6TUD99YN&spLa=ZW5jcnlwdGVkUXVhbGlmaWVyPUEySUJOVkJGSTNUNk5OJmVuY3J5cHRlZElkPUExMDA3Mjc2Mks2MkJNQ1I3S05TMSZlbmNyeXB0ZWRBZElkPUEwMzc0OTg0QjgwRUxQMlVSMjlYJndpZGdldE5hbWU9c3BfYXRmX25leHQmYWN0aW9uPWNsaWNrUmVkaXJlY3QmZG9Ob3RMb2dDbGljaz10cnVl#,Now enjoy home theater like experience with this 20W Soundbar with Built-in sub woofer and Engineered High Bass
Auxiliary,"Zebronics ZEB-JUKE BAR 3500 Wireless Bluetooth Single Soundbar With Supporting Wall Mount, USB, AUX, Coaxial IN, HDMI ARC & Remote Control. (65 Watt, 2.0 Channel)",4.1 out of 5,"2,309 ratings","‚Çπ4,999.00",https://www.amazon.in/Zebronics-Zeb-JUKEBAR-3500-Multimedia-Supporting/dp/B08D3XYXFQ/ref=sr_1_19?dchild=1&keywords=Sound+bars&qid=1634381701&sr=8-19#,"Tuesday, Oct 19",In stock.,https://www.amazon.in/Zebronics-Zeb-JUKEBAR-3500-Multimedia-Supporting/dp/B08D3XYXFQ/ref=sr_1_19?dchild=1&keywords=Sound+bars&qid=1634381701&sr=8-19#,ZEB-Juke Bar 3500 is a single yet powerful sound bar that adds a scintillating Hi-fidelity surround sound experience by giving your TV an audio lift with powerful Quad drives that add a punch of bass
"Wireless, Bluetooth",(Renewed) Boat Aavante Bar 1580 Home Theatre and Sound Bar,No Rating,-,"‚Çπ4,999.00",https://www.amazon.in/Renewed-Boat-Aavante-Theatre-Sound/dp/B093QLSDJG/ref=sr_1_20?dchild=1&keywords=Sound+bars&qid=1634381701&sr=8-20#,Oct 18 - 19,In stock.,https://www.amazon.in/Renewed-Boat-Aavante-Theatre-Sound/dp/B093QLSDJG/ref=sr_1_20?dchild=1&keywords=Sound+bars&qid=1634381701&sr=8-20#,Power Output(RMS): 120 W
"Wireless, Bluetooth, Auxiliary, USB, HDMI","Zebronics ZEB-JUKE BAR 3800 PRO DOLBY Wireless Bluetooth Single Soundbar With Supporting Wall Mount, USB, AUX, Optical IN, HDMI ARC & Remote Control. (60 Watt, 2.0 Channel)",4.1 out of 5,"2,309 ratings","‚Çπ6,018.00",https://www.amazon.in/ZEBRONICS-Zeb-Juke-Soundbar-Supporting-Bluetooth/dp/B08R1J4VXB/ref=sr_1_21?dchild=1&keywords=Sound+bars&qid=1634381701&sr=8-21#,"Wednesday, Oct 20",In stock.,https://www.amazon.in/ZEBRONICS-Zeb-Juke-Soundbar-Supporting-Bluetooth/dp/B08R1J4VXB/ref=sr_1_21?dchild=1&keywords=Sound+bars&qid=1634381701&sr=8-21#,Single-bar form factor with Powerful Punchy Bass
"Wireless, Bluetooth, USB","Samsung T400 2.0 Channel Soundbar with Built-in Subwoofer (40 W, 4 Speakers, Dolby 2 Channel)- Black",4.2 out of 5,76 ratings,-,https://www.amazon.in/Samsung-Channel-Soundbar-Subwoofer-Speakers/dp/B08C3J97WG/ref=sr_1_22?dchild=1&keywords=Sound+bars&qid=1634381701&sr=8-22#,-,,https://www.amazon.in/Samsung-Channel-Soundbar-Subwoofer-Speakers/dp/B08C3J97WG/ref=sr_1_22?dchild=1&keywords=Sound+bars&qid=1634381701&sr=8-22#,Dolby 2 Channel
Wireless,Portronics Pure Sound 102 Bluetooth Soundbar 160W with Wireless woofer(Black),3.6 out of 5,5 ratings,-,https://www.amazon.in/Portronics-Bluetooth-Soundbar-Wireless-woofer/dp/B097XR7DB4/ref=sr_1_23?dchild=1&keywords=Sound+bars&qid=1634381701&sr=8-23#,"Friday, Oct 22",In stock.,https://www.amazon.in/Portronics-Bluetooth-Soundbar-Wireless-woofer/dp/B097XR7DB4/ref=sr_1_23?dchild=1&keywords=Sound+bars&qid=1634381701&sr=8-23#,[BLUETOOTH CONNECTIVITY] : Portronics Pure Sound 102 (160W) comes with advanced Bluetooth technology. You can easily stream your devices to the soundbar to get superb sound quality at its best. Connect with your audio source to avail crystal clear sound that enhances the experience of sound that you desire.
"Surround Sound, Subwoofer, Computer, Soundbar","V88R Sound Bar Surround Clear Stereo Sound with Built-in Subwoofer Bluetooth 5.0 Speakers Wired & Wireless Audio Stereo Sound Bars, AUX Connection, Mini Soundbars for TV/PC/Phones/Tablets",No Rating,-,"‚Çπ1,499.00",https://www.amazon.in/V88R-Subwoofer-Bluetooth-Connection-Soundbars/dp/B09FT2Y9QH/ref=sr_1_24?dchild=1&keywords=Sound+bars&qid=1634381701&sr=8-24#,Oct 20 - 22,In stock.,https://www.amazon.in/V88R-Subwoofer-Bluetooth-Connection-Soundbars/dp/B09FT2Y9QH/ref=sr_1_24?dchild=1&keywords=Sound+bars&qid=1634381701&sr=8-24#,"Compact, slim design, enhanced HD sound quality: With new and improved sound drivers, the V88R SL8 sound bar has a slim design and thin profile with a built-in subwoofer and a 10 watt output providing high quality, cinematic sound. The V88R is a small but mighty addition to the Majority range."
"Surround Sound, Subwoofer, Computer",Belity V-196 USB Wired Computer Speaker Bar Stereo Subwoofer Powerful Music Player Bass Surround Sound Box 3.5mm Audio Input for PC Laptop Smartphone Tablet MP3 MP4,No Rating,-,"‚Çπ2,699.00",https://www.amazon.in/Belity-Computer-Subwoofer-Powerful-Smartphone/dp/B09HHJG4KY/ref=sr_1_25?dchild=1&keywords=Sound+bars&qid=1634381701&sr=8-25#,Nov 6 - 10,In stock.,https://www.amazon.in/Belity-Computer-Subwoofer-Powerful-Smartphone/dp/B09HHJG4KY/ref=sr_1_25?dchild=1&keywords=Sound+bars&qid=1634381701&sr=8-25#,üìù[Steady and lossless bass sound effect and stereo surrounding sound loudspeakers bring you wonderful music.
-,Layfuz Sound Bars for TV BT o TV Speaker wi 2 Built-in Speakers Surrounding Sound System Home Eater Soundbar Remote Control Wall Mounted Speaker Bar,No Rating,-,"‚Çπ8,499.54",https://www.amazon.in/dp/B09JJYVDZW/ref=sr_1_26?dchild=1&keywords=Sound+bars&qid=1634381701&sr=8-26#,Nov 10 - 13,In stock.,https://www.amazon.in/dp/B09JJYVDZW/ref=sr_1_26?dchild=1&keywords=Sound+bars&qid=1634381701&sr=8-26#,"BT 5.0, making transmission faster and more stable, nice for watching TV or watching a movie, e speakers make it feel like a movie eater."
Wireless,"Zebronics Zeb-JUKEBAR 3900, 80W Multimedia soundbar with subwoofer Supporting Bluetooth, HDMI(ARC), Coaxial Input, AUX, USB & Remote Control (Black)",4.1 out of 5,"2,309 ratings",-,https://www.amazon.in/Zebronics-Zeb-JUKEBAR-3900-Multimedia-Supporting/dp/B08CRRQK6Z/ref=sr_1_27_sspa?dchild=1&keywords=Sound+bars&qid=1634381701&sr=8-27-spons&psc=1&spLa=ZW5jcnlwdGVkUXVhbGlmaWVyPUEySUJOVkJGSTNUNk5OJmVuY3J5cHRlZElkPUExMDA3Mjc2Mks2MkJNQ1I3S05TMSZlbmNyeXB0ZWRBZElkPUEwNTM1OTEzMVI3WE43T1VCVDQ2WiZ3aWRnZXROYW1lPXNwX210ZiZhY3Rpb249Y2xpY2tSZWRpcmVjdCZkb05vdExvZ0NsaWNrPXRydWU=#,"Tuesday, Oct 19",In stock.,https://www.amazon.in/Zebronics-Zeb-JUKEBAR-3900-Multimedia-Supporting/dp/B08CRRQK6Z/ref=sr_1_27_sspa?dchild=1&keywords=Sound+bars&qid=1634381701&sr=8-27-spons&psc=1&spLa=ZW5jcnlwdGVkUXVhbGlmaWVyPUEySUJOVkJGSTNUNk5OJmVuY3J5cHRlZElkPUExMDA3Mjc2Mks2MkJNQ1I3S05TMSZlbmNyeXB0ZWRBZElkPUEwNTM1OTEzMVI3WE43T1VCVDQ2WiZ3aWRnZXROYW1lPXNwX210ZiZhY3Rpb249Y2xpY2tSZWRpcmVjdCZkb05vdExvZ0NsaWNrPXRydWU=#,Zeb-Juke Bar 3900 is a soundbar that has powerful dual 5.7cm drivers and 13.3cm subwoofer to deliver a hi-fidelity cinematic experience right at your home.
Wireless Bluetooth,CloudWalker B√úRST V1000 70W Peak Power 2.1 Channel Soundbar | Virtual Subwoofer | Bluetooth 5.0,4.2 out of 5,7 ratings,-,https://www.amazon.in/CloudWalker-Channel-Soundbar-Subwoofer-Bluetooth/dp/B08XKGYGKK/ref=sr_1_28_sspa?dchild=1&keywords=Sound+bars&qid=1634381701&sr=8-28-spons&psc=1&spLa=ZW5jcnlwdGVkUXVhbGlmaWVyPUEySUJOVkJGSTNUNk5OJmVuY3J5cHRlZElkPUExMDA3Mjc2Mks2MkJNQ1I3S05TMSZlbmNyeXB0ZWRBZElkPUEwNjg3NzUwU0EzVU9ZOVNNWE81JndpZGdldE5hbWU9c3BfbXRmJmFjdGlvbj1jbGlja1JlZGlyZWN0JmRvTm90TG9nQ2xpY2s9dHJ1ZQ==#,"Wednesday, Oct 20",In stock.,https://www.amazon.in/CloudWalker-Channel-Soundbar-Subwoofer-Bluetooth/dp/B08XKGYGKK/ref=sr_1_28_sspa?dchild=1&keywords=Sound+bars&qid=1634381701&sr=8-28-spons&psc=1&spLa=ZW5jcnlwdGVkUXVhbGlmaWVyPUEySUJOVkJGSTNUNk5OJmVuY3J5cHRlZElkPUExMDA3Mjc2Mks2MkJNQ1I3S05TMSZlbmNyeXB0ZWRBZElkPUEwNjg3NzUwU0EzVU9ZOVNNWE81JndpZGdldE5hbWU9c3BfbXRmJmFjdGlvbj1jbGlja1JlZGlyZWN0JmRvTm90TG9nQ2xpY2s9dHJ1ZQ==#,B√úRST TV Soundbar ‚Äì Get your #TvAmplified. Designed to deliver dynamic sound for Smart TV entertainment & more | 2.1 Channel | 70W peak power sound output | Virtual subwoofer for rich & deep bass | Full-range sound drivers delivering crystal clear and dramatic sound.
-,pekdi V-196 Computer Speaker USB Wired Bar Stereo Subwoofer Music Player Bass Surround Sound Box 3.5mm Audio Input for PC Laptop,No Rating,-,"‚Çπ2,799.00",https://www.amazon.in/pekdi-Computer-Speaker-Subwoofer-Surround/dp/B09HHKRZ4C/ref=sr_1_29?dchild=1&keywords=Sound+bars&qid=1634381701&sr=8-29#,Nov 6 - 10,In stock.,https://www.amazon.in/pekdi-Computer-Speaker-Subwoofer-Surround/dp/B09HHKRZ4C/ref=sr_1_29?dchild=1&keywords=Sound+bars&qid=1634381701&sr=8-29#,ü™ê[Steady and lossless bass sound effect and stereo surrounding sound loudspeakers bring you wonderful music.
-,Belity V-196 Computer Speaker USB Wired Bar Stereo Subwoofer Music Player Bass Surround Sound Box 3.5mm Audio Input for PC Laptop,No Rating,-,"‚Çπ2,799.00",https://www.amazon.in/Belity-Computer-Speaker-Subwoofer-Surround/dp/B09HHHD2MT/ref=sr_1_30?dchild=1&keywords=Sound+bars&qid=1634381701&sr=8-30#,Nov 6 - 10,In stock.,https://www.amazon.in/Belity-Computer-Speaker-Subwoofer-Surround/dp/B09HHHD2MT/ref=sr_1_30?dchild=1&keywords=Sound+bars&qid=1634381701&sr=8-30#,üìù[Steady and lossless bass sound effect and stereo surrounding sound loudspeakers bring you wonderful music.
"Wireless, Bluetooth, Auxiliary, USB, HDMI","Carvaan Musicbar CBWY121 120W 2.1 channel Bluetooth Soundbar with Carvaan Signature sound, wired Subwoofer, FM, 500 pre-loaded songs, HDMI, Co-axial, Aux In, Remote control & 4 audio modes (Cosmos Black color)",3.9 out of 5,36 ratings,-,https://www.amazon.in/Carvaan-Bluetooth-Signature-Subwoofer-pre-loaded/dp/B0992JXDVP/ref=sr_1_31?dchild=1&keywords=Sound+bars&qid=1634381701&sr=8-31#,"Wednesday, Oct 20",In stock.,https://www.amazon.in/Carvaan-Bluetooth-Signature-Subwoofer-pre-loaded/dp/B0992JXDVP/ref=sr_1_31?dchild=1&keywords=Sound+bars&qid=1634381701&sr=8-31#,Pre-loaded with 500 Evergreen Hindi Songs | First ever soundbar with in-built FM
Bluetooth,"Blaupunkt SBA20 16W Bluetooth Soundbar for TV with Bluetooth/SD Card/Aux, Mini Sound/Audio System for TV Speakers, Mobile, PC, Projectors, Tablets, Laptops",3.9 out of 5,171 ratings,-,https://www.amazon.in/Blaupunkt-SBA20-Bluetooth-Soundbar-Projectors/dp/B0983HYB11/ref=sr_1_32?dchild=1&keywords=Sound+bars&qid=1634381701&sr=8-32#,"Wednesday, Oct 20",In stock.,https://www.amazon.in/Blaupunkt-SBA20-Bluetooth-Soundbar-Projectors/dp/B0983HYB11/ref=sr_1_32?dchild=1&keywords=Sound+bars&qid=1634381701&sr=8-32#,Blaupunkt is an iconic German brand that has developed cutting edge audio technology since 1924. Today this legendary Audio Tech German brand is available in India with a superior quality range of Audio Products.
"Bluetooth, USB","i GEAR Ensemble 20 watts Wooden Portable Soundbar with Wireless Bluetooth connectivity, Rechargeable, with USB/TF Card Support, FM Mode and Sub-woofer for Extra Bass",3.6 out of 5,133 ratings,"‚Çπ1,999.00",https://www.amazon.in/Ensemble-Bluetooth-connectivity-Rechargeable-Sub-woofer/dp/B07YLNH1PZ/ref=sr_1_33?dchild=1&keywords=Sound+bars&qid=1634381701&sr=8-33#,"Tuesday, Oct 19",In stock.,https://www.amazon.in/Ensemble-Bluetooth-connectivity-Rechargeable-Sub-woofer/dp/B07YLNH1PZ/ref=sr_1_33?dchild=1&keywords=Sound+bars&qid=1634381701&sr=8-33#,Now enjoy home theater like experience with this 20W Soundbar with Built-in sub woofer and Engineered High Bass
Bluetooth,"Amkette Boomer Compact Wireless Bluetooth Soundbar Pro with Remote Control, 12 Hours Play Time, Integrated Subwoofer and 4 Equalizer Modes (TWS Enabled, 10 Watts)",3.8 out of 5,247 ratings,-,https://www.amazon.in/Amkette-Bluetooth-Soundbar-Pro-Integrated/dp/B08QVJ4HR4/ref=sr_1_34?dchild=1&keywords=Sound+bars&qid=1634381701&smid=A39YEVAHII35OQ&sr=8-34#,"Wednesday, Oct 20",In stock.,https://www.amazon.in/Amkette-Bluetooth-Soundbar-Pro-Integrated/dp/B08QVJ4HR4/ref=sr_1_34?dchild=1&keywords=Sound+bars&qid=1634381701&smid=A39YEVAHII35OQ&sr=8-34#,"The New Amkette Boomer Compact Soundbar Pro comes with an improved sound driver that provides a Loud and cinematic sound, with soaring vocals and a rich bass. The 10 Watt sound is powered by two 40mm tweeters and 2 large integrated subwoofers."
"HDMI-ARC, Bluetooth, AUX, USB","Blaupunkt SBA01 100W Soundbar with Built in Subwoofer, HDMI-Arc, Optical, Aux-in, USB & Bluetooth",4.2 out of 5,"1,473 ratings",-,https://www.amazon.in/Germanys-Blaupunkt-SBA01-Subwoofer-Bluetooth/dp/B088MHGD2P/ref=sr_1_35?dchild=1&keywords=Sound+bars&qid=1634381701&sr=8-35#,"Tuesday, Oct 19",In stock.,https://www.amazon.in/Germanys-Blaupunkt-SBA01-Subwoofer-Bluetooth/dp/B088MHGD2P/ref=sr_1_35?dchild=1&keywords=Sound+bars&qid=1634381701&sr=8-35#,Blaupunkt is an iconic German brand that has developed cutting edge audio technology since 1924. Today this legendary Audio Tech German brand is available in India with a superior quality range of Audio Products
Wireless Bluetooth,"Blaupunkt Germany's SBW200 160 Watt 2.1 Soundbar with 8 Inch Subwoofer, HDMI-ARC, AUX, Bluetooth and Remote Control",4 out of 5,"4,725 ratings",-,https://www.amazon.in/Blaupunkt-Germanys-SBW200-Subwoofer-Bluetooth/dp/B08NYFMG44/ref=sr_1_36?dchild=1&keywords=Sound+bars&qid=1634381701&sr=8-36#,"Wednesday, Oct 20",In stock.,https://www.amazon.in/Blaupunkt-Germanys-SBW200-Subwoofer-Bluetooth/dp/B08NYFMG44/ref=sr_1_36?dchild=1&keywords=Sound+bars&qid=1634381701&sr=8-36#,Blaupunkt is an iconic German brand that has developed cutting edge audio technology since 1924. Today this legendary Audio Tech German brand is available in India with a superior quality range of Audio Products.
Wireless Bluetooth,CloudWalker B√úRST E3000 100W 2.1 Channel Bluetooth 5.0 Soundbar with Subwoofer & LED Lights,3.8 out of 5,221 ratings,-,https://www.amazon.in/CloudWalker-E3000-Bluetooth-Soundbar-Subwoofer/dp/B082MJZN9Z/ref=sr_1_37_sspa?dchild=1&keywords=Sound+bars&qid=1634381701&sr=8-37-spons&psc=1&spLa=ZW5jcnlwdGVkUXVhbGlmaWVyPUEySUJOVkJGSTNUNk5OJmVuY3J5cHRlZElkPUExMDA3Mjc2Mks2MkJNQ1I3S05TMSZlbmNyeXB0ZWRBZElkPUEwMjIxMDg5MVRFRkhTT0RaNThDRiZ3aWRnZXROYW1lPXNwX2J0ZiZhY3Rpb249Y2xpY2tSZWRpcmVjdCZkb05vdExvZ0NsaWNrPXRydWU=#,"Wednesday, Oct 20",In stock.,https://www.amazon.in/CloudWalker-E3000-Bluetooth-Soundbar-Subwoofer/dp/B082MJZN9Z/ref=sr_1_37_sspa?dchild=1&keywords=Sound+bars&qid=1634381701&sr=8-37-spons&psc=1&spLa=ZW5jcnlwdGVkUXVhbGlmaWVyPUEySUJOVkJGSTNUNk5OJmVuY3J5cHRlZElkPUExMDA3Mjc2Mks2MkJNQ1I3S05TMSZlbmNyeXB0ZWRBZElkPUEwMjIxMDg5MVRFRkhTT0RaNThDRiZ3aWRnZXROYW1lPXNwX2J0ZiZhY3Rpb249Y2xpY2tSZWRpcmVjdCZkb05vdExvZ0NsaWNrPXRydWU=#,"B√úRST TV Soundbar ‚Äì Get your #TvAmplified with the BURST TV Soundbar by CloudWalker, designed to deliver the next level sound for Smart TV entertainment & more | 2.1 Channel sound | 100W powerful sound output to amplify your TV sound | 60W External subwoofer for rich & deep bass | Full-range sound drivers delivering crystal clear and dynamic sound"
"Wireless, Bluetooth, Auxiliary, USB","Artis BT-X3 40 Watts Wireless Bluetooth 5.0 Sound bar with Built in Amplifier, 5 EQ Presets, 2 Driver Units, 2Passive Radiators & Multiple Input Modes: Bluetooth/AUX in/USB Pen Drive Input (Black)",3.7 out of 5,360 ratings,-,https://www.amazon.in/Artis-Wireless-Bluetooth-Amplifier-Radiators/dp/B094R17HQT/ref=sr_1_38_sspa?dchild=1&keywords=Sound+bars&qid=1634381701&sr=8-38-spons&psc=1&spLa=ZW5jcnlwdGVkUXVhbGlmaWVyPUEySUJOVkJGSTNUNk5OJmVuY3J5cHRlZElkPUExMDA3Mjc2Mks2MkJNQ1I3S05TMSZlbmNyeXB0ZWRBZElkPUEwMjc3Mzk1WFFNVzRVUzJXTlVPJndpZGdldE5hbWU9c3BfYnRmJmFjdGlvbj1jbGlja1JlZGlyZWN0JmRvTm90TG9nQ2xpY2s9dHJ1ZQ==#,"Tuesday, Oct 19",In stock.,https://www.amazon.in/Artis-Wireless-Bluetooth-Amplifier-Radiators/dp/B094R17HQT/ref=sr_1_38_sspa?dchild=1&keywords=Sound+bars&qid=1634381701&sr=8-38-spons&psc=1&spLa=ZW5jcnlwdGVkUXVhbGlmaWVyPUEySUJOVkJGSTNUNk5OJmVuY3J5cHRlZElkPUExMDA3Mjc2Mks2MkJNQ1I3S05TMSZlbmNyeXB0ZWRBZElkPUEwMjc3Mzk1WFFNVzRVUzJXTlVPJndpZGdldE5hbWU9c3BfYnRmJmFjdGlvbj1jbGlja1JlZGlyZWN0JmRvTm90TG9nQ2xpY2s9dHJ1ZQ==#,"The Artis X3 Sound Bar raises the bar of giving you immersive & cinematic sound in an ideal room friendly size. The 2 Driver units along the length of the bar, 2 passive radiators and inbuilt amplifier help truly provide a 2.0 Channel ."
"Surround Sound, Computer, Soundbar","DZKBluetooth Soundbar for TV with Bluetooth/SD Card/Aux, Mini Sound/Audio System for TV Speakers, Mobile, PC, Projectors, Tablets, Laptops",No Rating,-,"‚Çπ1,452.00",https://www.amazon.in/DZKBluetooth-Soundbar-Bluetooth-Speakers-Projectors/dp/B09HQZHFTK/ref=sr_1_33_sspa?dchild=1&keywords=Sound+bars&qid=1634381705&sr=8-33-spons&psc=1&spLa=ZW5jcnlwdGVkUXVhbGlmaWVyPUExM0Q5NFNRNzVSUzlOJmVuY3J5cHRlZElkPUEwNTkxOTc1MzRQNjYxQkZQMVJJNSZlbmNyeXB0ZWRBZElkPUEwMTgxMDkxMjRWMDFBWU5NSDdURCZ3aWRnZXROYW1lPXNwX2F0Zl9uZXh0JmFjdGlvbj1jbGlja1JlZGlyZWN0JmRvTm90TG9nQ2xpY2s9dHJ1ZQ==#,"Thursday, Oct 21",In stock.,https://www.amazon.in/DZKBluetooth-Soundbar-Bluetooth-Speakers-Projectors/dp/B09HQZHFTK/ref=sr_1_33_sspa?dchild=1&keywords=Sound+bars&qid=1634381705&sr=8-33-spons&psc=1&spLa=ZW5jcnlwdGVkUXVhbGlmaWVyPUExM0Q5NFNRNzVSUzlOJmVuY3J5cHRlZElkPUEwNTkxOTc1MzRQNjYxQkZQMVJJNSZlbmNyeXB0ZWRBZElkPUEwMTgxMDkxMjRWMDFBWU5NSDdURCZ3aWRnZXROYW1lPXNwX2F0Zl9uZXh0JmFjdGlvbj1jbGlja1JlZGlyZWN0JmRvTm90TG9nQ2xpY2s9dHJ1ZQ==#,"Powerful HD Sound: The dual passive radiators produce crystal clear surround sound,which bring you an immersive sound experience."
"Wireless, Bluetooth, Auxiliary","i GEAR Delight 10 Watts Wireless Sound bar Speaker with Multiple Playback Options, Inbuilt Sub-Woofer, FM Radio, BT, Micro SD Slot,USB Slot (Black)",3.9 out of 5,229 ratings,"‚Çπ1,750.00",https://www.amazon.in/iGear-Delight-Soundbar-Wireless-Bluetooth/dp/B07Z4R8WXR/ref=sr_1_34_sspa?dchild=1&keywords=Sound+bars&qid=1634381705&sr=8-34-spons&psc=1&smid=A2LPYS6TUD99YN&spLa=ZW5jcnlwdGVkUXVhbGlmaWVyPUExM0Q5NFNRNzVSUzlOJmVuY3J5cHRlZElkPUEwNTkxOTc1MzRQNjYxQkZQMVJJNSZlbmNyeXB0ZWRBZElkPUEwOTczMDM1MVY3UEFEV1o2NFpNOSZ3aWRnZXROYW1lPXNwX2F0Zl9uZXh0JmFjdGlvbj1jbGlja1JlZGlyZWN0JmRvTm90TG9nQ2xpY2s9dHJ1ZQ==#,"Tuesday, Oct 19",In stock.,https://www.amazon.in/iGear-Delight-Soundbar-Wireless-Bluetooth/dp/B07Z4R8WXR/ref=sr_1_34_sspa?dchild=1&keywords=Sound+bars&qid=1634381705&sr=8-34-spons&psc=1&smid=A2LPYS6TUD99YN&spLa=ZW5jcnlwdGVkUXVhbGlmaWVyPUExM0Q5NFNRNzVSUzlOJmVuY3J5cHRlZElkPUEwNTkxOTc1MzRQNjYxQkZQMVJJNSZlbmNyeXB0ZWRBZElkPUEwOTczMDM1MVY3UEFEV1o2NFpNOSZ3aWRnZXROYW1lPXNwX2F0Zl9uZXh0JmFjdGlvbj1jbGlja1JlZGlyZWN0JmRvTm90TG9nQ2xpY2s9dHJ1ZQ==#,"With 10W sound output power with In-Built sub-woofer, the iGear Delight soundbar gives you the best audio experience with it's rich and clear sound and high volume"
USB,U & I UiBS-3132 10 Watt 1.1 Channel Wireless Bluetooth Soundbar (Black),4 out of 5,53 ratings,‚Çπ999.00,https://www.amazon.in/UiBS-3132-Channel-Wireless-Bluetooth-Soundbar/dp/B093QBWYYC/ref=sr_1_35?dchild=1&keywords=Sound+bars&qid=1634381705&sr=8-35#,"Friday, Oct 22",Only 2 left in stock.,https://www.amazon.in/UiBS-3132-Channel-Wireless-Bluetooth-Soundbar/dp/B093QBWYYC/ref=sr_1_35?dchild=1&keywords=Sound+bars&qid=1634381705&sr=8-35#,This Pickup Series UiBS-3132 Soundbar has a channel output which offers you one of the best sound qualities in its range. You can connect this speaker to a wide range of devices and enjoy hours of high definition music.
"Wireless, Auxiliary, USB, HDMI","Zebronics Zeb-JUKEBAR 5000 PRO, 120W Multimedia soundbar with subwoofer Supports HDMI(ARC), Optical Input, AUX, Wireless BT & USB",4.1 out of 5,"2,309 ratings","‚Çπ7,999.00",https://www.amazon.in/Zebronics-Zeb-JUKEBAR-5000-Multimedia-subwoofer/dp/B081H8P9JR/ref=sr_1_36?dchild=1&keywords=Sound+bars&qid=1634381705&sr=8-36#,"Tuesday, Oct 19",In stock.,https://www.amazon.in/Zebronics-Zeb-JUKEBAR-5000-Multimedia-subwoofer/dp/B081H8P9JR/ref=sr_1_36?dchild=1&keywords=Sound+bars&qid=1634381705&sr=8-36#,Wireless BT/USB/AUX/Optical IN/HDMI (ARC)
"Wireless, Bluetooth, Auxiliary, USB",Portronics POR-1274 60 Watt Wireless Bluetooth Soundbar (Black),3.4 out of 5,6 ratings,"‚Çπ3,799.00",https://www.amazon.in/Portronics-POR-1274-Wireless-Bluetooth-Soundbar/dp/B097K6R1BY/ref=sr_1_37?dchild=1&keywords=Sound+bars&qid=1634381705&sr=8-37#,"Wednesday, Oct 20",Only 1 left in stock.,https://www.amazon.in/Portronics-POR-1274-Wireless-Bluetooth-Soundbar/dp/B097K6R1BY/ref=sr_1_37?dchild=1&keywords=Sound+bars&qid=1634381705&sr=8-37#,[CINEMATIC SURROUND SOUND] : Portronics Pure Sound 1 (60W) gives you fabulous HI-FI sound that ensures you with cinematic experience sitting at home. It enhances the sound quality of your television with 60W output. It comes with excellent speakers that make your home cinema experience enthralling and exuberant.
Wireless Bluetooth,(Renewed) F&D t-200x TV Speaker,3.3 out of 5,18 ratings,"‚Çπ5,499.00",https://www.amazon.in/CERTIFIED-REFURBISHED-t-200x-TV-Speaker/dp/B07GNGL78Z/ref=sr_1_38?dchild=1&keywords=Sound+bars&qid=1634381705&sr=8-38#,"Thursday, Oct 21",Only 2 left in stock.,https://www.amazon.in/CERTIFIED-REFURBISHED-t-200x-TV-Speaker/dp/B07GNGL78Z/ref=sr_1_38?dchild=1&keywords=Sound+bars&qid=1634381705&sr=8-38#,This Amazon Renewed product will be in an unboxed or refurbished condition and has been professionally inspected and tested by an Amazon qualified supplier. Box and accessories may be generic
"Surround Sound, Subwoofer, Computer",Belity V-196 USB Wired Computer Speaker Bar Stereo Subwoofer Powerful Music Player Bass Surround Sound Box 3.5mm Audio Input for PC Laptop Smartphone Tablet MP3 MP4,No Rating,-,"‚Çπ2,699.00",https://www.amazon.in/Belity-Computer-Subwoofer-Powerful-Smartphone/dp/B09HHKJ38G/ref=sr_1_39?dchild=1&keywords=Sound+bars&qid=1634381705&sr=8-39#,Nov 6 - 10,In stock.,https://www.amazon.in/Belity-Computer-Subwoofer-Powerful-Smartphone/dp/B09HHKJ38G/ref=sr_1_39?dchild=1&keywords=Sound+bars&qid=1634381705&sr=8-39#,üìù[Steady and lossless bass sound effect and stereo surrounding sound loudspeakers bring you wonderful music.
"Wireless, Bluetooth, Auxiliary, USB",Outsmart Boom Bar with Extra Bass and Stereo Sound Portable Wireless Sound bar,No Rating,-,"‚Çπ2,099.00",https://www.amazon.in/Outsmart-Extra-Stereo-Portable-Wireless/dp/B083GZ98SY/ref=sr_1_40?dchild=1&keywords=Sound+bars&qid=1634381705&sr=8-40#,"Saturday, Oct 23",In stock.,https://www.amazon.in/Outsmart-Extra-Stereo-Portable-Wireless/dp/B083GZ98SY/ref=sr_1_40?dchild=1&keywords=Sound+bars&qid=1634381705&sr=8-40#,"SUPER SOUND: Type 5 + 5 watts channel wireless, tilted speaker for wider sound dispersion"
Soundbar Woofer,"itel XE-SB625WL, 120W Soundbar with Wireless Woofer, DSP, HDMI-ARC, Bluetooth, USB, Optical connectivity in a Premium Metallic Finish",5 out of 5,1 rating,-,https://www.amazon.in/XE-SB625WL-Soundbar-Wireless-Bluetooth-connectivity/dp/B09GS9YSRT/ref=sr_1_41?dchild=1&keywords=Sound+bars&qid=1634381705&sr=8-41#,"Wednesday, Oct 20",In stock.,https://www.amazon.in/XE-SB625WL-Soundbar-Wireless-Bluetooth-connectivity/dp/B09GS9YSRT/ref=sr_1_41?dchild=1&keywords=Sound+bars&qid=1634381705&sr=8-41#,"Enter a new dimension of flawless acoustics with this 2.1 channel soundbar, designed for riveting sound quality"
Wireless Bluetooth,"Philips Audio HTL1045/94 45w 5.0 Channel HDMI Soundbar Speaker,Black",3.5 out of 5,104 ratings,-,https://www.amazon.in/HTL1045-Soundbar-Integrated-Subwoofer-Bluetooth/dp/B08CYJTW8P/ref=sr_1_42?dchild=1&keywords=Sound+bars&qid=1634381705&sr=8-42#,"Tuesday, Oct 19",In stock.,https://www.amazon.in/HTL1045-Soundbar-Integrated-Subwoofer-Bluetooth/dp/B08CYJTW8P/ref=sr_1_42?dchild=1&keywords=Sound+bars&qid=1634381705&sr=8-42#,HDMI ARC. Control the soundbar with your TV remote
USB,U & I UiBS-3132 10 Watt 1.1 Channel Wireless Bluetooth Soundbar (Black),4 out of 5,53 ratings,‚Çπ999.00,https://www.amazon.in/UiBS-3132-Channel-Wireless-Bluetooth-Soundbar/dp/B093QBWYYC/ref=sr_1_43_sspa?dchild=1&keywords=Sound+bars&qid=1634381705&sr=8-43-spons&psc=1&spLa=ZW5jcnlwdGVkUXVhbGlmaWVyPUExM0Q5NFNRNzVSUzlOJmVuY3J5cHRlZElkPUEwNTkxOTc1MzRQNjYxQkZQMVJJNSZlbmNyeXB0ZWRBZElkPUExMDIwOTQ1MUlZVjNLMkxCWkZRNCZ3aWRnZXROYW1lPXNwX210ZiZhY3Rpb249Y2xpY2tSZWRpcmVjdCZkb05vdExvZ0NsaWNrPXRydWU=#,"Friday, Oct 22",Only 2 left in stock.,https://www.amazon.in/UiBS-3132-Channel-Wireless-Bluetooth-Soundbar/dp/B093QBWYYC/ref=sr_1_43_sspa?dchild=1&keywords=Sound+bars&qid=1634381705&sr=8-43-spons&psc=1&spLa=ZW5jcnlwdGVkUXVhbGlmaWVyPUExM0Q5NFNRNzVSUzlOJmVuY3J5cHRlZElkPUEwNTkxOTc1MzRQNjYxQkZQMVJJNSZlbmNyeXB0ZWRBZElkPUExMDIwOTQ1MUlZVjNLMkxCWkZRNCZ3aWRnZXROYW1lPXNwX210ZiZhY3Rpb249Y2xpY2tSZWRpcmVjdCZkb05vdExvZ0NsaWNrPXRydWU=#,This Pickup Series UiBS-3132 Soundbar has a channel output which offers you one of the best sound qualities in its range. You can connect this speaker to a wide range of devices and enjoy hours of high definition music.
"Surround Sound, Computer, Soundbar","DZK Bluetooth Soundbar for TV with Bluetooth/SD Card/Aux, Mini Sound/Audio System for TV Speakers, Mobile, PC, Projectors, Tablets, Laptops",No Rating,-,"‚Çπ2,989.00",https://www.amazon.in/DZK-Bluetooth-Soundbar-Speakers-Projectors/dp/B09HY562MN/ref=sr_1_44_sspa?dchild=1&keywords=Sound+bars&qid=1634381705&sr=8-44-spons&psc=1&spLa=ZW5jcnlwdGVkUXVhbGlmaWVyPUExM0Q5NFNRNzVSUzlOJmVuY3J5cHRlZElkPUEwNTkxOTc1MzRQNjYxQkZQMVJJNSZlbmNyeXB0ZWRBZElkPUEwMTgxNDkxMTZaMDcwNEdRSjNZMiZ3aWRnZXROYW1lPXNwX210ZiZhY3Rpb249Y2xpY2tSZWRpcmVjdCZkb05vdExvZ0NsaWNrPXRydWU=#,"Thursday, Oct 21",Only 1 left in stock.,https://www.amazon.in/DZK-Bluetooth-Soundbar-Speakers-Projectors/dp/B09HY562MN/ref=sr_1_44_sspa?dchild=1&keywords=Sound+bars&qid=1634381705&sr=8-44-spons&psc=1&spLa=ZW5jcnlwdGVkUXVhbGlmaWVyPUExM0Q5NFNRNzVSUzlOJmVuY3J5cHRlZElkPUEwNTkxOTc1MzRQNjYxQkZQMVJJNSZlbmNyeXB0ZWRBZElkPUEwMTgxNDkxMTZaMDcwNEdRSjNZMiZ3aWRnZXROYW1lPXNwX210ZiZhY3Rpb249Y2xpY2tSZWRpcmVjdCZkb05vdExvZ0NsaWNrPXRydWU=#,"Powerful HD Sound: The dual passive radiators produce crystal clear surround sound,which bring you an immersive sound experience."
-,"Cloud Buster Speaker | Bluetooth Supporting Tower | USB, AUX, LCD Display, Built-in FM",No Rating,-,"‚Çπ2,590.00",https://www.amazon.in/Buster-Speaker-Bluetooth-Supporting-Display/dp/B09FSXX5VH/ref=sr_1_45?dchild=1&keywords=Sound+bars&qid=1634381705&sr=8-45#,"Friday, Oct 22",In stock.,https://www.amazon.in/Buster-Speaker-Bluetooth-Supporting-Display/dp/B09FSXX5VH/ref=sr_1_45?dchild=1&keywords=Sound+bars&qid=1634381705&sr=8-45#,-
USB,Anself V-196 USB Wired Computer Speaker Bar Stereo Subwoofer Powerful Music Player Bass Surround Sound Box 3.5mm Audio Input for PC Laptop Smartphone Tablet MP3 MP4,No Rating,-,"‚Çπ2,721.50",https://www.amazon.in/Anself-Computer-Subwoofer-Powerful-Smartphone/dp/B07RB1LCSK/ref=sr_1_46?dchild=1&keywords=Sound+bars&qid=1634381705&sr=8-46#,Nov 10 - 13,In stock.,https://www.amazon.in/Anself-Computer-Subwoofer-Powerful-Smartphone/dp/B07RB1LCSK/ref=sr_1_46?dchild=1&keywords=Sound+bars&qid=1634381705&sr=8-46#,"With 3.5mm audio plug, it's perfect for desktop, laptop, TV, smartphone, tablet PC, MP3, MP4 and more."
"Wireless, Bluetooth, Auxiliary, USB, HDMI","Artis BT-X5 60 Watts 2.0 Channel Wireless Bluetooth 5.0 Home Theatre Soundbar with Built in Amplifier, 3 EQ Presets, 4 Driver units, 2 Passive Radiators & Multiple Input Modes: Bluetooth / HDMI(ARC) / AUX IN / COAXIAL / OPTICAL / USB Pen Drive Input",3.7 out of 5,360 ratings,-,https://www.amazon.in/Artis-Wireless-Bluetooth-Amplifier-Radiators/dp/B08DJ6Z32Q/ref=sr_1_47?dchild=1&keywords=Sound+bars&qid=1634381705&sr=8-47#,"Tuesday, Oct 19",In stock.,https://www.amazon.in/Artis-Wireless-Bluetooth-Amplifier-Radiators/dp/B08DJ6Z32Q/ref=sr_1_47?dchild=1&keywords=Sound+bars&qid=1634381705&sr=8-47#,"The Artis X5 SoundBar raises the bar of giving you immersive & cinematic sound in an ideal room friendly size. The 4 Driver units along the length of the bar, 2 passive radiators and inbuilt amplifier help truly provide a 2.0 Channel 3D surround sound experience!"
Soundbar Woofer,"itel XE-1040WL, 170W Soundbar with Wireless Woofer, DSP, H-ARC, Bluetooth, USB, Optical connectivity in Contemporary arc Design",5 out of 5,5 ratings,-,https://www.amazon.in/XE-1040WL-Soundbar-Bluetooth-connectivity-Contemporary/dp/B09GS8DF2D/ref=sr_1_48?dchild=1&keywords=Sound+bars&qid=1634381705&sr=8-48#,"Tuesday, Oct 19",In stock.,https://www.amazon.in/XE-1040WL-Soundbar-Bluetooth-connectivity-Contemporary/dp/B09GS8DF2D/ref=sr_1_48?dchild=1&keywords=Sound+bars&qid=1634381705&sr=8-48#,"India‚Äôs First Soundbar with 25.4 cm Wireless Woofer, it is now time to feel the thump of great bass and captivating surround sound."
Soundbar Woofer,"itel XE SB515, 80W Fully Loaded Soundbar with Subwoofer, DSP, HDMI-ARC, Bluetooth, USB, Optical Connectivity in Premium Metallic Finish",No Rating,-,-,https://www.amazon.in/Soundbar-Subwoofer-HDMI-ARC-Bluetooth-Connectivity/dp/B09GS9SQ47/ref=sr_1_49?dchild=1&keywords=Sound+bars&qid=1634381705&sr=8-49#,"Tuesday, Oct 19",In stock.,https://www.amazon.in/Soundbar-Subwoofer-HDMI-ARC-Bluetooth-Connectivity/dp/B09GS9SQ47/ref=sr_1_49?dchild=1&keywords=Sound+bars&qid=1634381705&sr=8-49#,"Enjoy mesmerizing sound and deep bass with this 2.1 channel soundbar, a complete acoustic package for your TV"
"Surround Sound, Subwoofer, Computer, Soundbar","V88R Sound Bar with Built-in Subwoofer Surround Clear Stereo Sound,Bluetooth 5.0 Speakers Wired & Wireless Audio Stereo Sound Bars, AUX Connection, Mini Soundbars for TV/PC/Phones/Tablets",2 out of 5,1 rating,"‚Çπ1,499.00",https://www.amazon.in/V88R-Subwoofer-Bluetooth-Connection-Soundbars/dp/B09FF42GFW/ref=sr_1_50?dchild=1&keywords=Sound+bars&qid=1634381705&sr=8-50#,Oct 20 - 22,In stock.,https://www.amazon.in/V88R-Subwoofer-Bluetooth-Connection-Soundbars/dp/B09FF42GFW/ref=sr_1_50?dchild=1&keywords=Sound+bars&qid=1634381705&sr=8-50#,"Compact, slim design, enhanced HD sound quality: With new and improved sound drivers, the V88R SL8 sound bar has a slim design and thin profile with a built-in subwoofer and a 10 watt output providing high quality, cinematic sound. The V88R is a small but mighty addition to the Majority range."
Wireless Bluetooth,"Sony HT-S20R 400 Watt Real 5.1 Channel Wireless Bluetooth Soundbar with Dolby Digital (Blue, Black)",4.5 out of 5,"4,810 ratings","‚Çπ19,490.00",https://www.amazon.in/Sony-HT-S20R-Soundbar-Bluetooth-Connectivity/dp/B084685MT1/ref=sr_1_51?dchild=1&keywords=Sound+bars&qid=1634381705&sr=8-51#,"Wednesday, Oct 20",In stock.,https://www.amazon.in/Sony-HT-S20R-Soundbar-Bluetooth-Connectivity/dp/B084685MT1/ref=sr_1_51?dchild=1&keywords=Sound+bars&qid=1634381705&sr=8-51#,"Dolby Audio : Enjoy dramatic, high-quality surround sound from 5.1 separate audio channels with Dolby Digital"
"Wireless, Bluetooth",Celestech Boombar Superb Clarity Best Bluetooth Wireless Speaker Compatible with Mobile Laptop TV,3 out of 5,7 ratings,"‚Çπ2,199.00",https://www.amazon.in/Celestech-Boom-Bar-Portable-Wireless/dp/B07LBSP68B/ref=sr_1_52?dchild=1&keywords=Sound+bars&qid=1634381705&sr=8-52#,"Thursday, Oct 21",In stock.,https://www.amazon.in/Celestech-Boom-Bar-Portable-Wireless/dp/B07LBSP68B/ref=sr_1_52?dchild=1&keywords=Sound+bars&qid=1634381705&sr=8-52#,"SUPER SOUND: Type 5 + 5 watts channel wireless, tilted speaker for wider sound dispersion"
"Wireless, Bluetooth, Auxiliary, USB",Artis BT-X1 Wireless Bluetooth Sound Bar Speaker with TWS Connection/USB Input/Micro SD Card Reader/FM Radio/Aux Input/Hands Free Calling/BT 5.0 (Black-Red) (16W RMS Output),3.6 out of 5,37 ratings,-,https://www.amazon.in/Artis-Wireless-Bluetooth-Connection-Black-Red/dp/B08CC5WX1F/ref=sr_1_53_sspa?dchild=1&keywords=Sound+bars&qid=1634381705&sr=8-53-spons&psc=1&spLa=ZW5jcnlwdGVkUXVhbGlmaWVyPUExM0Q5NFNRNzVSUzlOJmVuY3J5cHRlZElkPUEwNTkxOTc1MzRQNjYxQkZQMVJJNSZlbmNyeXB0ZWRBZElkPUEwNDAwNDA1M0kxV1BCWkVYWFY0TCZ3aWRnZXROYW1lPXNwX2J0ZiZhY3Rpb249Y2xpY2tSZWRpcmVjdCZkb05vdExvZ0NsaWNrPXRydWU=#,"Wednesday, Oct 20",Only 1 left in stock.,https://www.amazon.in/Artis-Wireless-Bluetooth-Connection-Black-Red/dp/B08CC5WX1F/ref=sr_1_53_sspa?dchild=1&keywords=Sound+bars&qid=1634381705&sr=8-53-spons&psc=1&spLa=ZW5jcnlwdGVkUXVhbGlmaWVyPUExM0Q5NFNRNzVSUzlOJmVuY3J5cHRlZElkPUEwNTkxOTc1MzRQNjYxQkZQMVJJNSZlbmNyeXB0ZWRBZElkPUEwNDAwNDA1M0kxV1BCWkVYWFY0TCZ3aWRnZXROYW1lPXNwX2J0ZiZhY3Rpb249Y2xpY2tSZWRpcmVjdCZkb05vdExvZ0NsaWNrPXRydWU=#,"Wireless Bluetooth 5.0 Sound Bar with USB pen drive input, FM Radio, SD Card Reader, Aux input, Mic. for hands free calling and TWS Connection"
"Surround Sound, Computer, Soundbar","DZK Bluetooth Soundbar for TV with Bluetooth/SD Card/Aux, Mini Sound/Audio System for TV Speakers, Mobile, PC, Projectors, Tablets, Laptops",No Rating,-,"‚Çπ1,599.00",https://www.amazon.in/DZK-Bluetooth-Soundbar-Speakers-Projectors/dp/B09HWPL6QJ/ref=sr_1_54_sspa?dchild=1&keywords=Sound+bars&qid=1634381705&sr=8-54-spons&psc=1&spLa=ZW5jcnlwdGVkUXVhbGlmaWVyPUExM0Q5NFNRNzVSUzlOJmVuY3J5cHRlZElkPUEwNTkxOTc1MzRQNjYxQkZQMVJJNSZlbmNyeXB0ZWRBZElkPUEwMTgxMzM1MlBLVVFOUklJNE8ySiZ3aWRnZXROYW1lPXNwX2J0ZiZhY3Rpb249Y2xpY2tSZWRpcmVjdCZkb05vdExvZ0NsaWNrPXRydWU=#,"Thursday, Oct 21",In stock.,https://www.amazon.in/DZK-Bluetooth-Soundbar-Speakers-Projectors/dp/B09HWPL6QJ/ref=sr_1_54_sspa?dchild=1&keywords=Sound+bars&qid=1634381705&sr=8-54-spons&psc=1&spLa=ZW5jcnlwdGVkUXVhbGlmaWVyPUExM0Q5NFNRNzVSUzlOJmVuY3J5cHRlZElkPUEwNTkxOTc1MzRQNjYxQkZQMVJJNSZlbmNyeXB0ZWRBZElkPUEwMTgxMzM1MlBLVVFOUklJNE8ySiZ3aWRnZXROYW1lPXNwX2J0ZiZhY3Rpb249Y2xpY2tSZWRpcmVjdCZkb05vdExvZ0NsaWNrPXRydWU=#,"Powerful HD Sound: The dual passive radiators produce crystal clear surround sound,which bring you an immersive sound experience."
